fold,accuracy,precision,recall,f1,confusion_matrix
1,0.9779411764705882,0.9651960784313725,0.9632352941176471,0.9634606716249718,"[[39, 3, 0], [0, 41, 1], [0, 1, 51]]"
2,1.0,1.0,1.0,1.0,"[[46, 0, 0], [0, 44, 0], [0, 0, 46]]"
3,1.0,1.0,1.0,1.0,"[[50, 0, 0], [0, 45, 0], [0, 0, 41]]"
4,1.0,0.9927248677248677,0.9925925925925926,0.9925802345555431,"[[39, 0, 0], [0, 55, 0], [0, 1, 40]]"
5,1.0,1.0,1.0,1.0,"[[49, 0, 0], [0, 42, 0], [0, 0, 44]]"
Average,0.9955882352941178,0.991584189231248,0.9911655773420479,0.9912081812361031,
